Time (ms),Voltage (V)
-10.0,-0.70386913217899505
-9.9900000000000002,-0.57965426709639589
-9.9800000000000004,-0.24754817534860593
-9.9700000000000006,0.17987328163207517
-9.9600000000000009,0.55413639253598546
-9.9500000000000011,0.74256452644996929
-9.9400000000000013,0.67521336030495893
-9.9300000000000015,0.37046549973305676
-9.9200000000000017,-0.069973092764842343
-9.9100000000000019,-0.49529354803092768
-9.9000000000000021,-0.75739978705925193
-9.8900000000000023,-0.76244507157265262
-9.8800000000000026,-0.504155537779575
-9.8700000000000028,-0.067190357577304613
-9.860000000000003,0.40091020776657882
-9.8500000000000032,0.73977792399599807
-9.8400000000000034,0.83120057586212404
-9.8300000000000036,0.64016191064699213
-9.8200000000000038,0.22774724839293153
-9.8100000000000041,-0.26870187045092842
-9.8000000000000043,-0.6816169904657583
-9.7900000000000045,-0.86988265605461845
-9.7800000000000047,-0.76694738684300279
-9.7700000000000049,-0.40399475910611965
-9.7600000000000051,0.09978639604207018
-9.7500000000000053,0.57668202439646055
-9.7400000000000055,0.86648457465064888
-9.7300000000000058,0.87028464482520984
-9.720000000000006,0.58396515228513812
-9.7100000000000062,0.1001363685407847
-9.7000000000000064,-0.42219349348044116
-9.6900000000000066,-0.81014829796773291
-9.6800000000000068,-0.93426577178884762
-9.670000000000007,-0.75152541400966211
-9.6600000000000072,-0.31987493801776801
-9.6500000000000075,0.22053377910959135
-9.6400000000000077,0.69318835648876687
-9.6300000000000079,0.94302933575258252
-9.6200000000000081,0.88724256552757075
-9.6100000000000083,0.54241506681632279
-9.6000000000000085,0.019242089640771988
-9.5900000000000087,-0.51339464307716309
-9.580000000000009,-0.88319253832832201
-9.5700000000000092,-0.9701953856027743
-9.5600000000000094,-0.74550214615657362
-9.5500000000000096,-0.28049085616621228
-9.5400000000000098,0.27626761296179797
-9.53000000000001,0.74680574277606993
-9.5200000000000102,0.98078372589671603
-9.5100000000000104,0.903426485079172
-9.5000000000000107,0.53911995623936226
-9.4900000000000109,0.0033176320711394013
-9.4800000000000111,-0.53443142480396377
-9.4700000000000113,-0.90437302192755342
-9.4600000000000115,-0.99015372444976602
-9.4500000000000117,-0.76521011373247427
-9.4400000000000119,-0.30062833409480022
-9.4300000000000122,0.25772631464347134
-9.4200000000000124,0.73532816864385042
-9.4100000000000126,0.98367878951664278
-9.4000000000000128,0.92638738932282894
-9.390000000000013,0.58237697279555811
-9.3800000000000132,0.059263158144230006
-9.3700000000000134,-0.48068351547231092
-9.3600000000000136,-0.87111503452507044
-9.3500000000000139,-0.99288827584795614
-9.3400000000000141,-0.81023683315386441
-9.3300000000000143,-0.38091335748793387
-9.3200000000000145,0.16244617458108432
-9.3100000000000147,0.65361744870908012
-9.3000000000000149,0.94379323297608575
-9.2900000000000151,0.94660657949482729
-9.2800000000000153,0.66357385111951483
-9.2700000000000156,0.18255107301796708
-9.2600000000000158,-0.34988650766829765
-9.250000000000016,-0.77336071111604054
-9.2400000000000162,-0.96206852235814666
-9.2300000000000164,-0.86201427264851682
-9.2200000000000166,-0.50612692176804475
-9.2100000000000168,-0.0031453767611269818
-9.2000000000000171,0.49591375836418417
-9.1900000000000173,0.84328161465244411
-9.1800000000000175,0.93818407591412278
-9.1700000000000177,0.75586889281183722
-9.1600000000000179,0.35362390021805817
-9.1500000000000181,-0.14750870762305768
-9.1400000000000183,-0.59941480303824202
-9.1300000000000185,-0.87080276219072639
-9.1200000000000188,-0.88527506956042201
-9.110000000000019,-0.64256764434093394
-9.1000000000000192,-0.2171440622636171
-9.0900000000000194,0.26491314651177167
-9.0800000000000196,0.66347744140809684
-9.0700000000000198,0.86516982965300593
-9.06000000000002,0.81548443209935662
-9.0500000000000203,0.53319291030636007
-9.0400000000000205,0.1033346686974328
-9.0300000000000207,-0.34863229263144452
-9.0200000000000209,-0.69360676907727914
-9.0100000000000211,-0.83572972218529273
-9.0000000000000213,-0.73884869620020033
-8.9900000000000215,-0.43531664232090667
-8.9800000000000217,-0.01512789957188233
-8.970000000000022,0.40096019687771622
-8.9600000000000222,0.69624719718400507
-8.9500000000000224,0.79078786144384161
-8.9400000000000226,0.66282718245259364
-8.9300000000000228,0.35329814981655139
-8.920000000000023,-0.047347848301726676
-8.9100000000000232,-0.42573338269553457
-8.9000000000000234,-0.67771743268180962
-8.8900000000000237,-0.73699261272483285
-8.8800000000000239,-0.59229390709602925
-8.8700000000000241,-0.28883577798013815
-8.8600000000000243,0.085878081653361263
-8.8500000000000245,0.42741356284636112
-8.8400000000000247,0.6435596490061386
-8.8300000000000249,0.67913564339864985
-8.8200000000000252,0.52981475331824079
-8.8100000000000254,0.24159213659023721
-8.8000000000000256,-0.1034185037488366
-8.7900000000000258,-0.41047440920474537
-8.780000000000026,-0.59824385764542953
-8.7700000000000262,-0.62024406388882503
-8.7600000000000264,-0.4760670716691191
-8.7500000000000266,-0.20977957415438309
-8.7400000000000269,0.10354712900139182
-8.7300000000000271,0.37906814673055844
-8.7200000000000273,0.54514422987375211
-8.7100000000000275,0.56185492665080317
-8.7000000000000277,0.43030464072772312
-8.6900000000000279,0.19065230724064469
-8.6800000000000281,-0.090108170771030907
-8.6700000000000284,-0.33691632172398917
-8.6600000000000286,-0.48670274879328457
-8.6500000000000288,-0.50438901301232442
-8.640000000000029,-0.39081429208072443
-8.6300000000000292,-0.18089711230498781
-8.6200000000000294,0.067010046737175019
-8.6100000000000296,0.28735625771065959
-8.6000000000000298,0.4247050652218502
-8.5900000000000301,0.44756724772551559
-8.5800000000000303,0.35534393247467377
-8.5700000000000305,0.17694415448940679
-8.5600000000000307,-0.038122158365214348
-8.5500000000000309,-0.23347244493462685
-8.5400000000000311,-0.36060482528298077
-8.5300000000000313,-0.39083246389509041
-8.5200000000000315,-0.32150185058420166
-8.5100000000000318,-0.17523424562963519
-8.500000000000032,0.0072091477565028013
-8.4900000000000322,0.17824471231328085
-8.4800000000000324,0.2958407881671824
-8.4700000000000326,0.33374829173170495
-8.4600000000000328,0.28713330357046807
-8.450000000000033,0.17248000008308137
-8.4400000000000333,0.022155454556245891
-8.4300000000000335,-0.12464998237120246
-8.4200000000000337,-0.23209421943537892
-8.4100000000000339,-0.27634544243529902
-8.4000000000000341,-0.25067322614589982
-8.3900000000000343,-0.16594702437470693
-8.3800000000000345,-0.046742329493668952
-8.3700000000000347,0.075662455244717083
-8.360000000000035,0.17143426589228128
-8.3500000000000352,0.2193761675009081
-8.3400000000000354,0.21145571123908605
-8.3300000000000356,0.15375827224621272
-8.3200000000000358,0.063910406349566434
-8.310000000000036,-0.034111678862680433
-8.3000000000000362,-0.11630135723062844
-8.2900000000000365,-0.16442563475360392
-8.2800000000000367,-0.16993598719873404
-8.2700000000000369,-0.13519182413284586
-8.2600000000000371,-0.071932529539961862
-8.2500000000000373,0.0023840670839390008
-8.2400000000000375,0.069290602591370862
-8.2300000000000377,0.11382281301750548
-8.2200000000000379,0.12775643502110723
-8.2100000000000382,0.11090426007551439
-8.2000000000000384,0.070348896918537338
-8.1900000000000386,0.018004830907228497
-8.1800000000000388,-0.032726908019320711
-8.170000000000039,-0.070304091070399602
-8.1600000000000392,-0.087576154115239974
-8.1500000000000394,-0.082978019001471906
-8.1400000000000396,-0.06024431060456404
-8.1300000000000399,-0.026882628969950015
-8.1200000000000401,0.0080771045079235278
-8.1100000000000403,0.036421520073491281
-8.1000000000000405,0.052598417759800301
-8.0900000000000407,0.054677233303012822
-8.0800000000000409,0.044302994488688692
-8.0700000000000411,0.025787568040524809
-8.0600000000000414,0.0046793191778873216
-8.0500000000000416,-0.013761378950251299
-8.0400000000000418,-0.025786807776901087
-8.030000000000042,-0.029822769071804055
-8.0200000000000422,-0.026482638923855197
-8.0100000000000424,-0.018029952202204876
-8.0000000000000426,-0.0075141372581166259
-7.9900000000000428,0.0021436902715355212
-7.9800000000000431,0.0088666603340152323
-7.9700000000000433,0.011782991490087064
-7.9600000000000435,0.011195940567977547
-7.9500000000000437,0.0082404874646343183
-7.9400000000000439,0.004379631242840824
-7.9300000000000441,0.00091400198098158731
-7.9200000000000443,-0.0013539742698818133
-7.9100000000000446,-0.0022295751220893518
-7.9000000000000448,-0.0020183759530653786
-7.890000000000045,-0.0012784043652394482
-7.8800000000000452,-0.00054222816059563245
-7.8700000000000454,-0.00011315045852736966
-7.8600000000000456,5.4931624157585272e-07
-7.8500000000000458,7.4115134256774349e-06
-7.840000000000046,0.00015981182758767858
-7.8300000000000463,0.00056909586768373176
-7.8200000000000465,0.0010935217733373643
-7.8100000000000467,0.0013539255732782369
-7.8000000000000469,0.00088149889081471592
-7.7900000000000471,-0.00065160171124532828
-7.7800000000000473,-0.0032061882022578888
-7.7700000000000475,-0.0062505301379012657
-7.7600000000000477,-0.0088060189423106033
-7.750000000000048,-0.0096815703439924444
-7.7400000000000482,-0.0078492510204742107
-7.7300000000000484,-0.0028569282997692579
-7.7200000000000486,0.0048554434856583643
-7.7100000000000488,0.013859033632008015
-7.700000000000049,0.021931512844912984
-7.6900000000000492,0.026537882755070099
-7.6800000000000495,0.025502539461423702
-7.6700000000000497,0.017707666988427646
-7.6600000000000499,0.0036214100244910522
-7.6500000000000501,-0.014520264368391567
-7.6400000000000503,-0.032981906832156536
-7.6300000000000505,-0.047241732672296033
-7.6200000000000507,-0.053023789028474017
-7.6100000000000509,-0.047423008207378235
-7.6000000000000512,-0.029845149220433392
-7.5900000000000514,-0.0024983441524160576
-7.5800000000000516,0.029743389478267407
-7.5700000000000518,0.060146805257218404
-7.560000000000052,0.081476873023134694
-7.5500000000000522,0.087638225792100455
-7.5400000000000524,0.075237987889944791
-7.5300000000000527,0.044690655273403872
-7.5200000000000529,0.00055842300233331242
-7.5100000000000531,-0.049027970928051029
-7.5000000000000533,-0.093822196587098269
-7.4900000000000535,-0.12353736855266025
-7.4800000000000537,-0.13012763866085214
-7.4700000000000539,-0.10977996108776626
-7.4600000000000541,-0.064145861405042387
-7.4500000000000544,-0.00047734829292345274
-7.4400000000000546,0.069449977946776889
-7.4300000000000548,0.13148392761429806
-7.420000000000055,0.17192517493633563
-7.4100000000000552,0.18047625801812997
-7.4000000000000554,0.1526841529466785
-7.3900000000000556,0.091319476873385985
-7.3800000000000558,0.0063285325234361872
-7.3700000000000561,-0.086723586195608771
-7.3600000000000563,-0.16948580649127251
-7.3500000000000565,-0.22441475199948532
-7.3400000000000567,-0.23842633258766194
-7.3300000000000569,-0.20585248932891925
-7.3200000000000571,-0.13005517688974458
-7.3100000000000573,-0.023293913198804903
-7.3000000000000576,0.09521804749002552
-7.2900000000000578,0.202766846237592
-7.280000000000058,0.27747744497902116
-7.2700000000000582,0.30270889357261038
-7.2600000000000584,0.27062744768795993
-7.2500000000000586,0.18420721746267796
-7.2400000000000588,0.057191154589162387
-7.230000000000059,-0.088067942535362487
-7.2200000000000593,-0.22455014334011886
-7.2100000000000595,-0.3255942775904464
-7.2000000000000597,-0.37006826044306051
-7.1900000000000599,-0.34668363474210739
-7.1800000000000601,-0.25658639061643196
-7.1700000000000603,-0.1136614697780441
-7.1600000000000605,0.057588239502020723
-7.1500000000000608,0.22626539027983883
-7.140000000000061,0.3606684954346206
-7.1300000000000612,0.4342309844735015
-7.1200000000000614,0.43069571048118965
-7.1100000000000616,0.34752585157177557
-7.1000000000000618,0.19685937171720749
-7.090000000000062,0.00375815061025064
-7.0800000000000622,-0.19799666338769403
-7.0700000000000625,-0.37184768633976312
-7.0600000000000627,-0.4850876370935634
-7.0500000000000629,-0.51496380405262188
-7.0400000000000631,-0.45312583958223418
-7.0300000000000633,-0.30756316890492819
-7.0200000000000635,-0.10162118527130402
-7.0100000000000637,0.12978920889404208
-7.0000000000000639,0.34616150359961945
-6.9900000000000642,0.50850956136256931
-6.9800000000000644,0.58637175068422431
-6.9700000000000646,0.5634449648811013
-6.9600000000000648,0.44081640482624401
-6.950000000000065,0.23717501085806258
-6.9400000000000652,-0.014086367698691604
-6.9300000000000654,-0.27041626626234216
-6.9200000000000657,-0.48736128498010028
-6.9100000000000659,-0.62628492297986316
-6.9000000000000661,-0.66120365568681072
-6.8900000000000663,-0.58353516557169682
-6.8800000000000665,-0.40390550584011536
-6.8700000000000667,-0.15066516110861489
-6.8600000000000669,0.1346687939842266
-6.8500000000000671,0.40429439421697849
-6.8400000000000674,0.61217426685208765
-6.8300000000000676,0.72188795391555916
-6.8200000000000678,0.71294660596103532
-6.810000000000068,0.58448334987328709
-6.8000000000000682,0.35567232512468966
-6.7900000000000684,0.062779983118518706
-6.7800000000000686,-0.24667987003831576
-6.7700000000000689,-0.52172678585771615
-6.7600000000000691,-0.71634181556944099
-6.7500000000000693,-0.79714282632456801
-6.7400000000000695,-0.74902877461251549
-6.7300000000000697,-0.57784948256689983
-6.7200000000000699,-0.30964832526566205
-6.7100000000000701,0.013409985198913961
-6.7000000000000703,0.33976943242896934
-6.6900000000000706,0.61677814545486409
-6.6800000000000708,0.79920198327659464
-6.670000000000071,0.85657505243356469
-6.6600000000000712,0.77819694706634668
-6.6500000000000714,0.57496960265318087
-6.6400000000000716,0.27777817285262552
-6.6300000000000718,-0.067323517046742262
-6.620000000000072,-0.40635162596787427
-6.6100000000000723,-0.68589995964420925
-6.6000000000000725,-0.86156487824943906
-6.5900000000000727,-0.90495556728789017
-6.5800000000000729,-0.8081886712349845
-6.5700000000000731,-0.58516916070949176
-6.5600000000000733,-0.26946846453344109
-6.5500000000000735,0.090855154289517681
-6.5400000000000738,0.44067440464964991
-6.530000000000074,0.72628761799609642
-6.5200000000000742,0.90367146318134806
-6.5100000000000744,0.94522169665623701
-6.5000000000000746,0.84395630620943296
-6.4900000000000748,0.61455474179407976
-6.480000000000075,0.29109732967240576
-6.4700000000000752,-0.078126277187682086
-6.4600000000000755,-0.437929104308107
-6.4500000000000757,-0.73453654873223417
-6.4400000000000759,-0.9236333717215871
-6.4300000000000761,-0.97694240047103487
-6.4200000000000763,-0.88636481953450597
-6.4100000000000765,-0.66508929535462513
-6.4000000000000767,-0.34553712522658997
-6.390000000000077,0.025517258430969296
-6.3800000000000772,0.39389740456520922
-6.3700000000000774,0.70599961927673627
-6.3600000000000776,0.91660851234469909
-6.3500000000000778,0.99541208033142881
-6.340000000000078,0.9312834212947364
-6.3300000000000782,0.73373697931736281
-6.3200000000000784,0.43138770593591924
-6.3100000000000787,0.067678592971672266
-6.3000000000000789,-0.30546822253920836
-6.2900000000000791,-0.63513450607796995
-6.2800000000000793,-0.87493545239962933
-6.2700000000000795,-0.99152178638632404
-6.2600000000000797,-0.96914756647397493
-6.2500000000000799,-0.81168938423875547
-6.2400000000000801,-0.54187584205189787
-6.2300000000000804,-0.19788488160965775
-6.2200000000000806,0.17216641710303385
-6.2100000000000808,0.51703052631274937
-6.200000000000081,0.78946360739971722
-6.1900000000000812,0.95268816092573072
-6.1800000000000814,0.98530290573542545
-6.1700000000000816,0.8839937149045255
-6.1600000000000819,0.66371790427330235
-6.1500000000000821,0.35538944898710834
-6.1400000000000823,0.0014346502593295108
-6.1300000000000825,-0.3501302767023135
-6.1200000000000827,-0.65226313232201227
-6.1100000000000829,-0.86519871764533707
-6.1000000000000831,-0.96164696639561698
-6.0900000000000833,-0.9302134334628912
-6.0800000000000836,-0.77662624662387669
-6.0700000000000838,-0.52265883477610431
-6.060000000000084,-0.20294859395392018
-6.0500000000000842,0.13981375308569016
-6.0400000000000844,0.46064651239955795
-6.0300000000000846,0.71820701847535229
-6.0200000000000848,0.88010591005384475
-6.0100000000000851,0.92692636517169646
-6.0000000000000853,0.8544589851216623
-5.9900000000000855,0.67391089441227403
-5.9800000000000857,0.41011875173162227
-5.9700000000000859,0.098053429046294313
-5.9600000000000861,-0.221884054036391
-5.9500000000000863,-0.50913595935745082
-5.9400000000000865,-0.72813886966831864
-5.9300000000000868,-0.85269905386124845
-5.920000000000087,-0.86905971267771209
-5.9100000000000872,-0.77731213594920545
-5.9000000000000874,-0.591024794238038
-5.8900000000000876,-0.33519407994542333
-5.8800000000000878,-0.042828289435300107
-5.870000000000088,0.24936295804491992
-5.8600000000000882,0.505606676900208
-5.8500000000000885,0.69544450551547965
-5.8400000000000887,0.79731744600049048
-5.8300000000000889,0.80094240691149554
-5.8200000000000891,0.70823068497598574
-5.8100000000000893,0.53268777813980439
-5.8000000000000895,0.29742281901163153
-5.7900000000000897,0.032061117798853199
-5.78000000000009,-0.23102448969849779
-5.7700000000000902,-0.46068164617629342
-5.7600000000000904,-0.6306594324430288
-5.7500000000000906,-0.72257063186054149
-5.7400000000000908,-0.72780825777369351
-5.730000000000091,-0.64822872349244387
-5.7200000000000912,-0.49556973812112082
-5.7100000000000914,-0.2897234301274707
-5.7000000000000917,-0.056116162302622653
-5.6900000000000919,0.1774586428140037
-5.6800000000000921,0.38415914772262438
-5.6700000000000923,0.54116972787374773
-5.6600000000000925,0.63218286619528996
-5.6500000000000927,0.64902517788615643
-5.6400000000000929,0.59227670743424832
-5.6300000000000932,0.47085700125141727
-5.6200000000000934,0.30067266360974543
-5.6100000000000936,0.10252512576837423
-5.6000000000000938,-0.10044702582597054
-5.590000000000094,-0.2854768721721605
-5.5800000000000942,-0.43271326008159178
-5.5700000000000944,-0.5273191422568535
-5.5600000000000946,-0.56090834140544021
-5.5500000000000949,-0.53219129745727189
-5.5400000000000951,-0.44679677835136705
-5.5300000000000953,-0.3163313887305827
-5.5200000000000955,-0.15682126099318106
-5.5100000000000957,0.013258118360059948
-5.5000000000000959,0.17512315895645511
-5.4900000000000961,0.31174795518524295
-5.4800000000000963,0.40963031069409389
-5.4700000000000966,0.46007971468492065
-5.4600000000000968,0.45991216088525055
-5.450000000000097,0.4115088923226819
-5.4400000000000972,0.3222687339927508
-5.4300000000000974,0.20354852656365785
-5.4200000000000976,0.069236578415926953
-5.4100000000000978,-0.065864651893796949
-5.4000000000000981,-0.18766046842985379
-5.3900000000000983,-0.28421534466286946
-5.3800000000000985,-0.34688822112744822
-5.3700000000000987,-0.37104954318793854
-5.3600000000000989,-0.35632959077685317
-5.3500000000000991,-0.30640138798809013
-5.3400000000000993,-0.22835124472167181
-5.3300000000000995,-0.13173063001756349
-5.3200000000000998,-0.027410826937273602
-5.3100000000001,0.073625427389447037
-5.3000000000001002,0.16142366695530772
-5.2900000000001004,0.22801362135657019
-5.2800000000001006,0.26809379633819225
-5.2700000000001008,0.27939213718623274
-5.260000000000101,0.26268821554112787
-5.2500000000001013,0.22151913027444875
-5.2400000000001015,0.16162295658557652
-5.2300000000001017,0.090197117470846855
-5.2200000000001019,0.015062595992567417
-5.2100000000001021,-0.056172214113486232
-5.2000000000001023,-0.11686147913981615
-5.1900000000001025,-0.16191499608643198
-5.1800000000001027,-0.18818565666048445
-5.170000000000103,-0.19462796947356392
-5.1600000000001032,-0.182230066533355
-5.1500000000001034,-0.15374500531815261
-5.1400000000001036,-0.11326590344620971
-5.1300000000001038,-0.065701913406416748
-5.120000000000104,-0.016217465804825876
-5.1100000000001042,0.030304393611107677
-5.1000000000001044,0.069721602528097198
-5.0900000000001047,0.09897537806026116
-5.0800000000001049,0.11629080651044268
-5.0700000000001051,0.12122830728855565
-5.0600000000001053,0.11459478037384269
-5.0500000000001055,0.098237064505739186
-5.0400000000001057,0.074750488347368235
-5.0300000000001059,0.047141041299357242
-5.0200000000001062,0.018480816279306464
-5.0100000000001064,-0.0084068101771919163
-5.0000000000001066,-0.031202552819121456
-4.9900000000001068,-0.048266709650115237
-4.980000000000107,-0.058724882096334849
-4.9700000000001072,-0.06246460511933969
-4.9600000000001074,-0.060053016984258627
-4.9500000000001076,-0.052593107152398594
-4.9400000000001079,-0.041540840713172975
-4.9300000000001081,-0.028507305124840551
-4.9200000000001083,-0.015069039600373762
-4.9100000000001085,-0.0026062730399577594
-4.9000000000001087,0.0078164686804980659
-4.8900000000001089,0.015519257223775782
-4.8800000000001091,0.02022361629485896
-4.8700000000001094,0.022021870868305479
-4.8600000000001096,0.021308453836821634
-4.8500000000001098,0.018685961645323091
-4.84000000000011,0.014860251635731479
-4.8300000000001102,0.010538547337745908
-4.8200000000001104,0.0063425732286020485
-4.8100000000001106,0.0027455552096260823
-4.8000000000001108,3.7986372479364516e-05
-4.7900000000001111,-0.0016770945999108687
-4.7800000000001113,-0.002462415412949399
-4.7700000000001115,-0.0025045831798778785
-4.7600000000001117,-0.0020602550209148566
-4.7500000000001119,-0.0013994378522017544
-4.7400000000001121,-0.00075456341275695804
-4.7300000000001123,-0.00028245828928641668
-4.7200000000001125,-4.3965400475309426e-05
-4.7100000000001128,-3.1222196113066412e-06
-4.700000000000113,-4.4850646050761424e-05
-4.6900000000001132,-7.4444315687611688e-06
-4.6800000000001134,0.00027591937086082508
-4.6700000000001136,0.00093362844828348578
-4.6600000000001138,0.0020172593904224365
-4.650000000000114,0.0034748462764645043
-4.6400000000001143,0.0051406464461430101
-4.6300000000001145,0.0067439893001687802
-4.6200000000001147,0.0079371651693228625
-4.6100000000001149,0.0083396484976335488
-4.6000000000001151,0.0075935807626152495
-4.5900000000001153,0.0054236544780820748
-4.5800000000001155,0.0016935617217275862
-4.5700000000001157,-0.0035488728183522703
-4.560000000000116,-0.010044841322764573
-4.5500000000001162,-0.017321168366094972
-4.5400000000001164,-0.024713105502964544
-4.5300000000001166,-0.031413121496373687
-4.5200000000001168,-0.036542492824857387
-4.510000000000117,-0.039239698520779194
-4.5000000000001172,-0.038757343259333644
-4.4900000000001175,-0.034557832156140916
-4.4800000000001177,-0.026397482527479987
-4.4700000000001179,-0.014389269007163816
-4.4600000000001181,0.00096405876219843051
-4.4500000000001183,0.01877229341453486
-4.4400000000001185,0.037798179687189681
-4.4300000000001187,0.056535013517440023
-4.4200000000001189,0.073316886632133024
-4.4100000000001192,0.086453657962122302
-4.4000000000001194,0.094379950894203923
-4.3900000000001196,0.095805563635508059
-4.3800000000001198,0.089853841819715646
-4.37000000000012,0.076174906804237719
-4.3600000000001202,0.055022164046027958
-4.3500000000001204,0.027283131760628437
-4.3400000000001207,-0.0055408686376286946
-4.3300000000001209,-0.041407512303733747
-4.3200000000001211,-0.07785573849391153
-4.3100000000001213,-0.11217018672045861
-4.3000000000001215,-0.14157668642600738
-4.2900000000001217,-0.16345465948002663
-4.2800000000001219,-0.17555032806861015
-4.2700000000001221,-0.17617389745823522
-4.2600000000001224,-0.16436448918142088
-4.2500000000001226,-0.14000851433802572
-4.2400000000001228,-0.10390027263250427
-4.230000000000123,-0.057737618819901422
-4.2200000000001232,-0.0040502548344586477
-4.2100000000001234,0.05393677096362267
-4.2000000000001236,0.11249682702997889
-4.1900000000001238,0.16764069723460118
-4.1800000000001241,0.2153850893552699
-4.1700000000001243,0.25203231605843313
-4.1600000000001245,0.27444149345778607
-4.1500000000001247,0.28027169197924556
-4.1400000000001249,0.26817898026075215
-4.1300000000001251,0.23795213061496037
-4.1200000000001253,0.19057571322983785
-4.1100000000001256,0.12821412282942524
-4.1000000000001258,0.054115421233870947
-4.090000000000126,-0.027560629937175188
-4.0800000000001262,-0.11198071291471419
-4.0700000000001264,-0.19392797857748359
-4.0600000000001266,-0.26812591682029024
-4.0500000000001268,-0.32957547719406532
-4.040000000000127,-0.37388364290408044
-4.0300000000001273,-0.39756190196999869
-4.0200000000001275,-0.39827472861193458
-4.0100000000001277,-0.37502117598280643
-4.0000000000001279,-0.32823679106446652
-3.9900000000001281,-0.25980802364177152
-3.9800000000001283,-0.17299678939974975
-3.9700000000001285,-0.072278506077318214
-3.9600000000001288,0.03689761305075815
-3.950000000000129,0.1484123007249317
-3.9400000000001292,0.25582623342442629
-3.9300000000001294,0.35275553987280767
-3.9200000000001296,0.43325039280904243
-3.9100000000001298,0.49215395549127922
-3.90000000000013,0.52542004357822625
-3.8900000000001302,0.53037026492995276
-3.8800000000001305,0.50587495696452622
-3.8700000000001307,0.45244672730328112
-3.8600000000001309,0.37224053903341792
-3.8500000000001311,0.26895975247462145
-3.8400000000001313,0.14767301122373344
-3.8300000000001315,0.014552017058508544
-3.8200000000001317,-0.12345522374761804
-3.8100000000001319,-0.25899743873365394
-3.8000000000001322,-0.38471858469870168
-3.7900000000001324,-0.49365960160534161
-3.7800000000001326,-0.57964112862905004
-3.7700000000001328,-0.63760604837367529
-3.760000000000133,-0.66390306180610315
-3.7500000000001332,-0.65649585619258799
-3.7400000000001334,-0.61508660543819305
-3.7300000000001337,-0.54114728941354984
-3.7200000000001339,-0.43785736248509621
-3.7100000000001341,-0.30995135785931865
-3.7000000000001343,-0.16348480598533274
-3.6900000000001345,-0.0055311160940328076
-3.6800000000001347,0.15617440099635471
-3.6700000000001349,0.3136245782105791
-3.6600000000001351,0.45894413966740277
-3.6500000000001354,0.58478630715410351
-3.6400000000001356,0.68470204447192362
-3.6300000000001358,0.753463381525179
-3.620000000000136,0.78732485262048069
-3.6100000000001362,0.78421044829854492
-3.6000000000001364,0.74381742397102235
-3.5900000000001366,0.66763261410316388
-3.5800000000001369,0.55886133798190896
-3.5700000000001371,0.42227332287168873
-3.5600000000001373,0.2639740954481693
-3.5500000000001375,0.091113808671724542
-3.5400000000001377,-0.088451683307117029
-3.5300000000001379,-0.2665306378726206
-3.5200000000001381,-0.43497808081671935
-3.5100000000001383,-0.58607299003732372
-3.5000000000001386,-0.71287230686569203
-3.4900000000001388,-0.8095255290319453
-3.480000000000139,-0.87153583171114857
-3.4700000000001392,-0.89595646626152281
-3.4600000000001394,-0.88151444670590173
-3.4500000000001396,-0.828657081828447
-3.4400000000001398,-0.73952056861006155
-3.43000000000014,-0.61782345470004429
-3.4200000000001403,-0.46869113766487075
-3.4100000000001405,-0.29842054819463842
-3.4000000000001407,-0.11419663831486661
-3.3900000000001409,0.076225832447882252
-3.3800000000001411,0.26486051461579796
-3.3700000000001413,0.44383248395528252
-3.3600000000001415,0.60571103592426923
-3.3500000000001418,0.7438180901289998
-3.340000000000142,0.85249948356860705
-3.3300000000001422,0.92734839128311453
-3.3200000000001424,0.96537247831521933
-3.3100000000001426,0.96509903773495942
-3.3000000000001428,0.92661517847148378
-3.290000000000143,0.8515429650737153
-3.2800000000001432,0.74295215495162792
-3.2700000000001435,0.60521571255627571
-3.2600000000001437,0.44381550410096504
-3.2500000000001439,0.26510740859630205
-3.2400000000001441,0.076056459666734064
-3.2300000000001443,-0.11604648133993299
-3.2200000000001445,-0.30387464335171194
-3.2100000000001447,-0.48035010288052599
-3.200000000000145,-0.63891223051092982
-3.1900000000001452,-0.7737597082962947
-3.1800000000001454,-0.88005740040064606
-3.1700000000001456,-0.95410105496799713
-3.1600000000001458,-0.99343472362334917
-3.150000000000146,-0.99691781933233914
-3.1400000000001462,-0.96474080593473588
-3.1300000000001464,-0.89839053879829167
-3.1200000000001467,-0.8005681772280947
-3.1100000000001469,-0.67506429612687868
-3.1000000000001471,-0.52659727895888819
-3.0900000000001473,-0.36062223145765476
-3.0800000000001475,-0.18311848503351871
-3.0700000000001477,-0.000364244351136074
-3.0600000000001479,0.18129292670125294
-3.0500000000001481,0.35566128061038293
-3.0400000000001484,0.51691772732828722
-3.0300000000001486,0.65980112374039657
-3.0200000000001488,0.77977980493541976
-3.010000000000149,0.87318834296903014
-3.0000000000001492,0.9373298388623531
-2.9900000000001494,0.97054144568509759
-2.9800000000001496,0.97222222949308457
-2.9700000000001499,0.94282384792482543
-2.9600000000001501,0.88380581510816214
-2.9500000000001503,0.79755828382438376
-2.9400000000001505,0.68729627642080859
-2.9300000000001507,0.55693010757101469
-2.9200000000001509,0.41091734599049679
-2.9100000000001511,0.25410204862235691
-2.9000000000001513,0.091547168079585586
-2.8900000000001516,-0.071634011291381069
-2.8800000000001518,-0.23044179781897997
-2.870000000000152,-0.3801441900710853
-2.8600000000001522,-0.51641653796928577
-2.8500000000001524,-0.63546286078595327
-2.8400000000001526,-0.73411571206122517
-2.8300000000001528,-0.80991233919331673
-2.8200000000001531,-0.86114577139543902
-2.8100000000001533,-0.88689035220731771
-2.8000000000001535,-0.88700208228596622
-2.7900000000001537,-0.86209492830214762
-2.7800000000001539,-0.81349496170634383
-2.7700000000001541,-0.74317479844187151
-2.7600000000001543,-0.6536713035217544
-2.7500000000001545,-0.5479898936555051
-2.7400000000001548,-0.42949901244808097
-2.730000000000155,-0.30181846627339209
-2.7200000000001552,-0.16870529913736282
-2.7100000000001554,-0.033940759839684864
-2.7000000000001556,0.098778314115644139
-2.6900000000001558,0.22594069015304427
-2.680000000000156,0.34431189879705054
-2.6700000000001562,0.45101319283875319
-2.6600000000001565,0.54358663233926596
-2.6500000000001567,0.62004512980016779
-2.6400000000001569,0.67890680317732643
-2.6300000000001571,0.71921348547502406
-2.6200000000001573,0.7405337138224044
-2.6100000000001575,0.74295095548193935
-2.6000000000001577,0.72703821259801549
-2.590000000000158,0.69382047341380348
-2.5800000000001582,0.64472673932218916
-2.5700000000001584,0.58153355103234328
-2.5600000000001586,0.50630206221448248
-2.5500000000001588,0.42131076629930558
-2.540000000000159,0.32898597470101387
-2.5300000000001592,0.23183207737816849
-2.5200000000001594,0.13236349556530813
-2.5100000000001597,0.033040069062378261
-2.5000000000001599,-0.063792585152856796
-2.4900000000001601,-0.15595644132142281
-2.4800000000001603,-0.24148711430383699
-2.4700000000001605,-0.31867181137638406
-2.4600000000001607,-0.38607867844587013
-2.4500000000001609,-0.4425772986355071
-2.4400000000001612,-0.48735035523665166
-2.4300000000001614,-0.51989670689222878
-2.4200000000001616,-0.54002633530763267
-2.4100000000001618,-0.54784781058834497
-2.400000000000162,-0.54374907341203904
-2.3900000000001622,-0.52837245470227701
-2.3800000000001624,-0.50258494140440158
-2.3700000000001626,-0.46744475150863701
-2.3600000000001629,-0.42416530368178418
-2.3500000000001631,-0.37407765863506498
-2.3400000000001633,-0.31859247324350859
-2.3300000000001635,-0.25916244757670215
-2.3200000000001637,-0.19724616296313485
-2.3100000000001639,-0.13427410984245719
-2.3000000000001641,-0.071617591471434927
-2.2900000000001643,-0.010561067582293552
-2.2800000000001646,0.047721625193325415
-2.2700000000001648,0.10218686814991909
-2.260000000000165,0.1519364894662919
-2.2500000000001652,0.19622856792827534
-2.2400000000001654,0.23448386591966378
-2.2300000000001656,0.26628804986233562
-2.2200000000001658,0.29138994791654177
-2.2100000000001661,0.30969617295625335
-2.2000000000001663,0.32126250270218565
-2.1900000000001665,0.32628245796860944
-2.1800000000001667,0.3250735542251954
-2.1700000000001669,0.31806172144507833
-2.1600000000001671,0.30576439320160165
-2.1500000000001673,0.28877275917982836
-2.1400000000001675,0.26773365691793705
-2.1300000000001678,0.24333155010939342
-2.120000000000168,0.21627100373490218
-2.1100000000001682,0.18726002229125446
-2.1000000000001684,0.15699456811220402
-2.0900000000001686,0.12614452389098196
-2.0800000000001688,0.09534130861684674
-2.070000000000169,0.065167300740679598
-2.0600000000001693,0.036147167877999382
-2.0500000000001695,0.0087411499881633169
-2.0400000000001697,-0.016659706180607473
-2.0300000000001699,-0.039736408610829665
-2.0200000000001701,-0.060243064894840589
-2.0100000000001703,-0.07800623263286284
-2.0000000000001705,-0.09292272651040856
-1.9900000000001707,-0.1049560562600044
-1.980000000000171,-0.11413168676921541
-1.9700000000001712,-0.12053132278151041
-1.9600000000001714,-0.12428642619404549
-1.9500000000001716,-0.12557117424458711
-1.9400000000001718,-0.12459506234924018
-1.930000000000172,-0.12159534652764578
-1.9200000000001722,-0.11682950781117543
-1.9100000000001724,-0.11056790538597219
-1.9000000000001727,-0.10308676710729121
-1.8900000000001729,-0.094661646066079297
-1.8800000000001731,-0.085561450710395212
-1.8700000000001733,-0.076043134212966546
-1.8600000000001735,-0.066347106883023838
-1.8500000000001737,-0.056693413948753227
-1.8400000000001739,-0.047278700434300838
-1.8300000000001742,-0.038273965509981397
-1.8200000000001744,-0.029823090930304847
-1.8100000000001746,-0.022042112250717328
-1.8000000000001748,-0.01501918762476164
-1.790000000000175,-0.0088152072597374662
-1.7800000000001752,-0.0034649771217254077
-1.7700000000001754,0.0010210967552612396
-1.7600000000001756,0.0046549020226855104
-1.7500000000001759,0.0074681733889388176
-1.7400000000001761,0.0095097880419058242
-1.7300000000001763,0.010842884576520946
-1.7200000000001765,0.011541884226198963
-1.7100000000001767,0.011689489067193533
-1.7000000000001769,0.011373726475019471
-1.6900000000001771,0.010685102684587828
-1.6800000000001774,0.00971392106538785
-1.6700000000001776,0.0085478128918307656
-1.6600000000001778,0.0072695201813315928
-1.650000000000178,0.0059549617922143687
-1.6400000000001782,0.0046716056089513205
-1.6300000000001784,0.0034771614653251806
-1.6200000000001786,0.0024186016194309282
-1.6100000000001788,0.0015315082300546453
-1.6000000000001791,0.00083974050255415547
-1.5900000000001793,0.00035540806291312413
-1.5800000000001795,7.9131748656657621e-05
-1.5700000000001797,5.68421442952983e-07
-1.5600000000001799,9.9172635147407682e-05
-1.5500000000001801,0.000345165043328473
-1.5400000000001803,0.00070067529229507052
-1.5300000000001805,0.001121025796517069
-1.5200000000001808,0.0015561221944080706
-1.510000000000181,0.0019519163857596225
-1.5000000000001812,0.002251908799150232
-1.4900000000001814,0.0023986578629657251
-1.4800000000001816,0.0023352664863213264
-1.4700000000001818,0.0020068176217133641
-1.460000000000182,0.0013617336034199865
-1.4500000000001823,0.0003530368581362541
-1.4400000000001825,-0.0010605073079923539
-1.4300000000001827,-0.0029133819013345049
-1.4200000000001829,-0.0052324561626438419
-1.4100000000001831,-0.0080362796652525392
-1.4000000000001833,-0.011334538790111927
-1.3900000000001835,-0.015127678643508861
-1.3800000000001837,-0.019406690505947052
-1.370000000000184,-0.024153062120183408
-1.3600000000001842,-0.029338885575448916
-1.3500000000001844,-0.034927115249406268
-1.3400000000001846,-0.040871966248747157
-1.3300000000001848,-0.047119442056513819
-1.320000000000185,-0.053607978656250783
-1.3100000000001852,-0.060269191261389181
-1.3000000000001855,-0.067028708929182834
-1.2900000000001857,-0.073807081773830496
-1.2800000000001859,-0.080520745200897872
-1.2700000000001861,-0.087083025549120605
-1.2600000000001863,-0.093405171727585445
-1.2500000000001865,-0.09939739785531107
-1.2400000000001867,-0.10496992252380612
-1.2300000000001869,-0.11003399108747573
-1.2200000000001872,-0.11450286831727252
-1.2100000000001874,-0.11829278980498749
-1.2000000000001876,-0.12132386165446415
-1.1900000000001878,-0.12352089921775887
-1.180000000000188,-0.12481419690570347
-1.1700000000001882,-0.12514022240146788
-1.1600000000001884,-0.12444222991198604
-1.1500000000001886,-0.12267078838651251
-1.1400000000001889,-0.11978422189688517
-1.1300000000001891,-0.11574896059489823
-1.1200000000001893,-0.11053980182507069
-1.1100000000001895,-0.10414008206451625
-1.1000000000001897,-0.096541761376011462
-1.0900000000001899,-0.087745422988053087
-1.0800000000001901,-0.077760191450895494
-1.0700000000001904,-0.066603573556206982
-1.0600000000001906,-0.054301226847726862
-1.0500000000001908,-0.040886661090290967
-1.040000000000191,-0.026400878505451499
-1.0300000000001912,-0.010891958925480987
-1.0200000000001914,0.005585403733107403
-1.0100000000001916,0.022970407116315126
-1.0000000000001918,0.041196681565765822
-0.99000000000019206,0.060192860110356267
-0.98000000000019227,0.079883170768442827
-0.97000000000019249,0.10018804475950235
-0.9600000000001927,0.12102473443143869
-0.95000000000019291,0.14230793497018687
-0.94000000000019313,0.16395040426490456
-0.93000000000019334,0.18586357564774023
-0.92000000000019355,0.20795815860498651
-0.91000000000019377,0.23014472295960148
-0.90000000000019398,0.25233426244711937
-0.89000000000019419,0.27443873404171448
-0.8800000000001944,0.29637156983083429
-0.87000000000019462,0.31804815868000613
-0.86000000000019483,0.33938629536920839
-0.85000000000019504,0.36030659531412007
-0.84000000000019526,0.38073287340560369
-0.83000000000019547,0.40059248590544666
-0.82000000000019568,0.41981663472262326
-0.8100000000001959,0.43834063375958499
-0.80000000000019611,0.45610413736023203
-0.79000000000019632,0.47305133120857856
-0.78000000000019654,0.48913108631846286
-0.77000000000019675,0.50429707701909599
-0.76000000000019696,0.51850786407829985
-0.75000000000019718,0.53172694431480927
-0.74000000000019739,0.54392276823314234
-0.7300000000001976,0.5550687273697229
-0.72000000000019782,0.56514311316783294
-0.71000000000019803,0.57412904930247732
-0.70000000000019824,0.58201439945543276
-0.69000000000019845,0.5887916525968615
-0.68000000000019867,0.59445778786424786
-0.67000000000019888,0.59901412114352615
-0.66000000000019909,0.60246613545264471
-0.65000000000019931,0.60482329720602646
-0.64000000000019952,0.60609886040106697
-0.63000000000019973,0.60630966071655656
-0.62000000000019995,0.60547590144936125
-0.61000000000020016,0.60362093314140686
-0.60000000000020037,0.60077102866554133
-0.59000000000020059,0.5969551554477035
-0.5800000000002008,0.59220474640541221
-0.57000000000020101,0.5865534710802891
-0.56000000000020123,0.58003700833642236
-0.55000000000020144,0.57269282188804627
-0.54000000000020165,0.56455993981039754
-0.53000000000020187,0.55567873907770871
-0.52000000000020208,0.54609073606305791
-0.51000000000020229,0.53583838382704296
-0.5000000000002025,0.52496487691674676
-0.49000000000020272,0.51351396429384999
-0.48000000000020293,0.50152977091162709
-0.47000000000020314,0.48905662836538372
-0.46000000000020336,0.4761389149501063
-0.45000000000020357,0.4628209053729983
-0.44000000000020378,0.44914663028744722
-0.430000000000204,0.43515974573899902
-0.42000000000020421,0.42090341254323027
-0.41000000000020442,0.4064201855500858
-0.40000000000020464,0.39175191268932003
-0.39000000000020485,0.37693964363709764
-0.38000000000020506,0.36202354789452934
-0.37000000000020528,0.34704284202482261
-0.36000000000020549,0.33203572575668711
-0.3500000000002057,0.3170393266274768
-0.34000000000020592,0.30208965281010064
-0.33000000000020613,0.28722155374276953
-0.32000000000020634,0.27246868815996
-0.31000000000020655,0.25786349910631834
-0.30000000000020677,0.24343719550237097
-0.29000000000020698,0.22921973982159224
-0.28000000000020719,0.21523984143235883
-0.27000000000020741,0.20152495515534896
-0.26000000000020762,0.18810128458676392
-0.25000000000020783,0.174993789740126
-0.24000000000020805,0.16222619856409659
-0.23000000000020826,0.14982102190053687
-0.22000000000020847,0.13779957145567509
-0.21000000000020869,0.12618198036754238
-0.2000000000002089,0.11498722596459475
-0.19000000000020911,0.10423315432346009
-0.18000000000020933,0.093936506247868451
-0.17000000000020954,0.084112944305870463
-0.16000000000020975,0.074777080578281072
-0.15000000000020997,0.065942504787762632
-0.14000000000021018,0.057621812494961289
-0.13000000000021039,0.049826633065522416
-0.1200000000002106,0.042567657129538236
-0.11000000000021082,0.03585466327293526
-0.10000000000021103,0.029696543718419972
-0.090000000000211244,0.024101328771803036
-0.080000000000211458,0.019076209827765235
-0.070000000000211671,0.014627560747369109
-0.060000000000211884,0.010760957437827279
-0.050000000000212097,0.0074811954831879805
-0.04000000000021231,0.0047923056926737519
-0.030000000000212523,0.0026975674514034698
-0.020000000000212736,0.0011995197761373001
-0.01000000000021295,0.00029996999651321112
-2.1316282072803006e-13,1.3631516442219084e-25
0.009999999999786624,0.00029996999648763663
0.019999999999786411,0.0011995197760861821
0.029999999999786198,0.0026975674513268701
0.039999999999785985,0.0047923056925717623
0.049999999999785771,0.0074811954830607255
0.059999999999785558,0.010760957437674917
0.069999999999785345,0.014627560747191818
0.079999999999785132,0.019076209827563247
0.089999999999784919,0.024101328771576603
0.099999999999784706,0.02969654371816938
0.10999999999978449,0.035854663272660833
0.11999999999978428,0.042567657129240336
0.12999999999978407,0.049826633065201444
0.13999999999978385,0.057621812494617668
0.14999999999978364,0.065942504787396869
0.15999999999978343,0.074777080577893659
0.16999999999978321,0.08411294430546197
0.179999999999783,0.093936506247439475
0.18999999999978279,0.10423315432301127
0.19999999999978257,0.11498722596412675
0.20999999999978236,0.126181980367056
0.21999999999978215,0.13779957145517108
0.22999999999978193,0.149821021900016
0.23999999999978172,0.16222619856355983
0.24999999999978151,0.17499378973957427
0.25999999999978129,0.18810128458619821
0.26999999999978108,0.20152495515477026
0.27999999999978087,0.2152398414317683
0.28999999999978066,0.229219739820991
0.29999999999978044,0.24343719550176018
0.30999999999978023,0.25786349910569922
0.31999999999978002,0.27246868815933406
0.3299999999997798,0.28722155374213787
0.33999999999977959,0.3020896528094647
0.34999999999977938,0.3170393266268382
0.35999999999977916,0.33203572575604728
0.36999999999977895,0.34704284202418312
0.37999999999977874,0.36202354789389174
0.38999999999977852,0.37693964363646371
0.39999999999977831,0.39175191268869131
0.4099999999997781,0.40642018554946407
0.41999999999977788,0.42090341254261743
0.42999999999977767,0.43515974573839672
0.43999999999977746,0.44914663028685708
0.44999999999977724,0.46282090537242265
0.45999999999977703,0.4761389149495468
0.46999999999977682,0.48905662836484215
0.47999999999977661,0.50152977091110551
0.48999999999977639,0.51351396429335017
0.49999999999977618,0.52496487691627058
0.50999999999977597,0.53583838382659232
0.51999999999977575,0.54609073606263459
0.52999999999977554,0.55567873907731469
0.53999999999977533,0.56455993981003449
0.54999999999977511,0.57269282188771609
0.5599999999997749,0.58003700833612681
0.56999999999977469,0.58655347108002953
0.57999999999977447,0.59220474640519027
0.58999999999977426,0.59695515544752087
0.59999999999977405,0.600771028665399
0.60999999999977383,0.60362093314130627
0.61999999999977362,0.60547590144930385
0.62999999999977341,0.60630966071654313
0.63999999999977319,0.60609886040109873
0.64999999999977298,0.60482329720610384
0.65999999999977277,0.60246613545276839
0.66999999999977256,0.5990141211436969
0.67999999999977234,0.59445778786446557
0.68999999999977213,0.58879165259712674
0.69999999999977192,0.5820143994557454
0.7099999999997717,0.57412904930283704
0.71999999999977149,0.56514311316823962
0.72999999999977128,0.55506872737017532
0.73999999999977106,0.54392276823364016
0.74999999999977085,0.53172694431535139
0.75999999999977064,0.51850786407888483
0.76999999999977042,0.50429707701972237
0.77999999999977021,0.48913108631912916
0.78999999999977,0.47305133120928294
0.79999999999976978,0.45610413736097238
0.80999999999976957,0.43834063376035898
0.81999999999976936,0.41981663472342823
0.82999999999976914,0.40059248590628027
0.83999999999976893,0.38073287340646306
0.84999999999976872,0.36030659531500198
0.85999999999976851,0.33938629537010978
0.86999999999976829,0.31804815868092362
0.87999999999976808,0.29637156983176455
0.88999999999976787,0.27443873404265373
0.89999999999976765,0.25233426244806417
0.90999999999976744,0.23014472296054808
0.91999999999976723,0.20795815860593111
0.92999999999976701,0.18586357564867881
0.9399999999997668,0.16395040426583357
0.94999999999976659,0.14230793497110247
0.95999999999976637,0.12102473443233709
0.96999999999976616,0.10018804476037993
0.97999999999976595,0.079883170769295866
0.98999999999976573,0.060192860111181537
0.99999999999976552,0.041196681566559805
1.0099999999997653,0.022970407117074636
1.0199999999997651,0.0055854037338296508
1.0299999999997649,-0.010891958924798724
1.0399999999997647,-0.026400878504811692
1.0499999999997645,-0.040886661089695915
1.0599999999997642,-0.054301226847178266
1.069999999999764,-0.066603573555706841
1.0799999999997638,-0.077760191450444757
1.0899999999997636,-0.087745422987652671
1.0999999999997634,-0.096541761375661936
1.1099999999997632,-0.10414008206421786
1.119999999999763,-0.11053980182482329
1.1299999999997627,-0.11574896059470138
1.1399999999997625,-0.11978422189673781
1.1499999999997623,-0.12267078838641347
1.1599999999997621,-0.12444222991193371
1.1699999999997619,-0.12514022240146028
1.1799999999997617,-0.12481419690573844
1.1899999999997615,-0.12352089921783377
1.1999999999997613,-0.12132386165457612
1.209999999999761,-0.11829278980513343
1.2199999999997608,-0.11450286831744919
1.2299999999997606,-0.11003399108767951
1.2399999999997604,-0.10496992252403346
1.2499999999997602,-0.09939739785555822
1.25999999999976,-0.093405171727848596
1.2699999999997598,-0.087083025549395884
1.2799999999997596,-0.080520745201181507
1.2899999999997593,-0.073807081774118752
1.2999999999997591,-0.067028708929471992
1.3099999999997589,-0.060269191261675827
1.3199999999997587,-0.0536079786565316
1.3299999999997585,-0.047119442056785761
1.3399999999997583,-0.040871966249007449
1.3499999999997581,-0.034927115249652467
1.3599999999997578,-0.029338885575678889
1.3699999999997576,-0.02415306212039537
1.3799999999997574,-0.019406690506139631
1.3899999999997572,-0.015127678643681024
1.399999999999757,-0.011334538790263117
1.4099999999997568,-0.008036279665382581
1.4199999999997566,-0.0052324561627529517
1.4299999999997564,-0.0029133819014232664
1.4399999999997561,-0.0010605073080617599
1.4499999999997559,0.00035303685808489138
1.4599999999997557,0.0013617336033850361
1.4699999999997555,0.0020068176216929694
1.4799999999997553,0.0023352664863133506
1.4899999999997551,0.0023986578629679074
1.4999999999997549,0.0022519087991601638
1.5099999999997546,0.0019519163857748577
1.5199999999997544,0.0015561221944261781
1.5299999999997542,0.0011210257965356765
1.539999999999754,0.00070067529231194732
1.5499999999997538,0.00034516504334158995
1.5599999999997536,9.9172635154995227e-05
1.5699999999997534,5.6842144356048011e-07
1.5799999999997532,7.9131748649204789e-05
1.5899999999997529,0.00035540806289694637
1.5999999999997527,0.00083974050252904058
1.6099999999997525,0.0015315082300208622
1.6199999999997523,0.0024186016193892433
1.6299999999997521,0.0034771614652768612
1.6399999999997519,0.0046716056088981295
1.6499999999997517,0.0059549617921585436
1.6599999999997515,0.0072695201812758101
1.6699999999997512,0.0085478128917780942
1.679999999999751,0.0097139210653416925
1.6899999999997508,0.010685102684551818
1.6999999999997506,0.011373726474997415
1.7099999999997504,0.011689489067189321
1.7199999999997502,0.01154188422621644
1.72999999999975,0.01084288457656369
1.7399999999997497,0.0095097880419772862
1.7499999999997495,0.0074681733890419036
1.7599999999997493,0.0046549020228226238
1.7699999999997491,0.0010210967554341111
1.7799999999997489,-0.0034649771215157573
1.7899999999997487,-0.008815207259490981
1.7999999999997485,-0.015019187624479353
1.8099999999997483,-0.022042112250401268
1.819999999999748,-0.029823090929958003
1.8299999999997478,-0.038273965509608411
1.8399999999997476,-0.047278700433907063
1.8499999999997474,-0.056693413948345435
1.8599999999997472,-0.066347106882609835
1.869999999999747,-0.076043134212555374
1.8799999999997468,-0.085561450709996559
1.8899999999997465,-0.094661646065703833
1.8999999999997463,-0.10308676710695019
1.9099999999997461,-0.11056790538567728
1.9199999999997459,-0.11682950781093844
1.9299999999997457,-0.1215953465274783
1.9399999999997455,-0.12459506234915359
1.9499999999997453,-0.12557117424459208
1.9599999999997451,-0.12428642619415176
1.9699999999997448,-0.12053132278172581
1.9799999999997446,-0.1141316867695466
1.9899999999997444,-0.10495605626045619
1.9999999999997442,-0.092922726510983072
2.009999999999744,-0.078006232633560088
2.0199999999997438,-0.060243064895657394
2.0299999999997436,-0.03973640861176013
2.0399999999997434,-0.016659706181642264
2.0499999999997431,0.0087411499870351465
2.0599999999997429,0.036147167876793701
2.0699999999997427,0.065167300739413833
2.0799999999997425,0.095341308615543061
2.0899999999997423,0.12614452388966402
2.0999999999997421,0.1569945681108966
2.1099999999997419,0.1872600222899862
2.1199999999997416,0.2162710037337022
2.1299999999997414,0.24333155010829172
2.1399999999997412,0.2677336569169636
2.149999999999741,0.28877275917901302
2.1599999999997408,0.30576439320097293
2.1699999999997406,0.31806172144466277
2.1799999999997404,0.32507355422501694
2.1899999999997402,0.32628245796868799
2.1999999999997399,0.32126250270253737
2.2099999999997397,0.30969617295688873
2.2199999999997395,0.29138994791746725
2.2299999999997393,0.26628804986355015
2.2399999999997391,0.23448386592116033
2.2499999999997389,0.19622856793003851
2.2599999999997387,0.15193648946830166
2.2699999999997384,0.10218686815214584
2.2799999999997382,0.0477216251957348
2.289999999999738,-0.010561067579742244
2.2999999999997378,-0.071617591468789085
2.3099999999997376,-0.13427410983977009
2.3199999999997374,-0.19724616296046177
2.3299999999997372,-0.25916244757410467
2.339999999999737,-0.31859247324104834
2.3499999999997367,-0.37407765863280434
2.3599999999997365,-0.42416530367978339
2.3699999999997363,-0.46744475150695664
2.3799999999997361,-0.50258494140309495
2.3899999999997359,-0.52837245470139216
2.3999999999997357,-0.54374907341161871
2.4099999999997355,-0.54784781058842058
2.4199999999997353,-0.54002633530822708
2.429999999999735,-0.51989670689335155
2.4399999999997348,-0.48735035523830239
2.4499999999997346,-0.44257729863767059
2.4599999999997344,-0.38607867844851962
2.4699999999997342,-0.31867181137947825
2.479999999999734,-0.24148711430731748
2.4899999999997338,-0.15595644132522413
2.4999999999997335,-0.063792585156900269
2.5099999999997333,0.033040069058181271
2.5199999999997331,0.1323634955610544
2.5299999999997329,0.23183207737395856
2.5399999999997327,0.32898597469695645
2.5499999999997325,0.42131076629550818
2.5599999999997323,0.50630206221105079
2.5699999999997321,0.58153355102937754
2.5799999999997318,0.64472673931978142
2.5899999999997316,0.69382047341203779
2.5999999999997314,0.72703821259695933
2.6099999999997312,0.74295095548164591
2.619999999999731,0.740533713822908
2.6299999999997308,0.71921348547633834
2.6399999999997306,0.67890680317944663
2.6499999999997303,0.62004512980306126
2.6599999999997301,0.54358663234288307
2.6699999999997299,0.45101319284302049
2.6799999999997297,0.34431189880186835
2.6899999999997295,0.22594069015829782
2.6999999999997293,0.098778314121207952
2.7099999999997291,-0.033940759833957938
2.7199999999997289,-0.16870529913162705
2.7299999999997286,-0.3018184662678049
2.7399999999997284,-0.42949901244280669
2.7499999999997282,-0.54798989365070172
2.759999999999728,-0.6536713035175713
2.7699999999997278,-0.74317479843844547
2.7799999999997276,-0.81349496170379221
2.7899999999997274,-0.86209492830056955
2.7999999999997272,-0.88700208228543087
2.8099999999997269,-0.88689035220786705
2.8199999999997267,-0.86114577139708348
2.8299999999997265,-0.80991233919603589
2.8399999999997263,-0.73411571206495918
2.8499999999997261,-0.63546286079061398
2.8599999999997259,-0.5164165379747524
2.8699999999997257,-0.38014419007721206
2.8799999999997254,-0.23044179782558669
2.8899999999997252,-0.07163401129828012
2.899999999999725,0.091547168072605947
2.9099999999997248,0.25410204861551672
2.9199999999997246,0.41091734598400742
2.9299999999997244,0.55693010756508909
2.9399999999997242,0.6872962764156465
2.949999999999724,0.79755828382016936
2.9599999999997237,0.8838058151050473
2.9699999999997235,0.94282384792292717
2.9799999999997233,0.97222222949248671
2.9899999999997231,0.970541445685842
2.9999999999997229,0.93732983886443633
3.0099999999997227,0.87318834297240377
3.0199999999997225,0.77977980493999233
3.0299999999997222,0.6598011237460274
3.039999999999722,0.5169177273348059
3.0499999999997218,0.35566128061757685
3.0599999999997216,0.18129292670888436
3.0699999999997214,-0.00036424434332119477
3.0799999999997212,-0.18311848502578928
3.089999999999721,-0.36062223145028521
3.0999999999997208,-0.52659727895214448
3.1099999999997205,-0.67506429612100294
3.1199999999997203,-0.80056817722330453
3.1299999999997201,-0.89839053879476838
3.1399999999997199,-0.96474080593262046
3.1499999999997197,-0.99691781933172141
3.1599999999997195,-0.99343472362426566
3.1699999999997193,-0.95410105497042741
3.1799999999997191,-0.88005740040451119
3.1899999999997188,-0.77375970830146601
3.1999999999997186,-0.63891223051722235
3.2099999999997184,-0.4803501028877144
3.2199999999997182,-0.30387464335952163
3.229999999999718,-0.11604648134808471
3.2399999999997178,0.076056459658552719
3.2499999999997176,0.26510740858841181
3.2599999999997173,0.44381550409366805
3.2699999999997171,0.6052157125498635
3.2799999999997169,0.74295215494634093
3.2899999999997167,0.85154296506977167
3.2999999999997165,0.9266151784690464
3.3099999999997163,0.96509903773412664
3.3199999999997161,0.96537247831602924
3.3299999999997159,0.92734839128553692
3.3399999999997156,0.85249948357254757
3.3499999999997154,0.74381809013429645
3.3599999999997152,0.60571103593070474
3.369999999999715,0.44383248396259761
3.3799999999997148,0.26486051462369004
3.3899999999997146,0.076225832456016496
3.3999999999997144,-0.11419663830682415
3.4099999999997141,-0.29842054818703212
3.4199999999997139,-0.46869113765801501
3.4299999999997137,-0.61782345469423405
3.4399999999997135,-0.73952056860553717
3.4499999999997133,-0.82865708182539921
3.4599999999997131,-0.88151444670445733
3.4699999999997129,-0.89595646626173864
3.4799999999997127,-0.87153583171300641
3.4899999999997124,-0.80952552903535568
3.4999999999997122,-0.7128723068704923
3.509999999999712,-0.58607299004329505
3.5199999999997118,-0.43497808082358236
3.5299999999997116,-0.26653063788006537
3.5399999999997114,-0.088451683314796845
3.5499999999997112,0.091113808664154583
3.559999999999711,0.2639740954410541
3.5699999999997107,0.42227332286536146
3.5799999999997105,0.55886133797663895
3.5899999999997103,0.66763261409919383
3.5999999999997101,0.74381742396852069
3.6099999999997099,0.78421044829761299
3.6199999999997097,0.78732485262114438
3.6299999999997095,0.75346338152738768
3.6399999999997092,0.68470204447555039
3.649999999999709,0.58478630715895763
3.6599999999997088,0.45894413967323405
3.6699999999997086,0.31362457821708667
3.6799999999997084,0.15617440100321595
3.6899999999997082,-0.0055311160871644328
3.699999999999708,-0.16348480597879053
3.7099999999997078,-0.30995135785342109
3.7199999999997075,-0.43785736248012619
3.7299999999997073,-0.54114728940974288
3.7399999999997071,-0.61508660543571425
3.7499999999997069,-0.65649585619154327
3.7599999999997067,-0.66390306180651426
3.7699999999997065,-0.63760604837549262
3.7799999999997063,-0.57964112863215
3.789999999999706,-0.49365960160953881
3.7999999999997058,-0.38471858470375109
3.8099999999997056,-0.25899743873927605
3.8199999999997054,-0.12345522375350529
3.8299999999997052,0.014552017052676895
3.839999999999705,0.14767301121826087
3.8499999999997048,0.26895975246979409
3.8599999999997046,0.37224053902947396
3.8699999999997043,0.45244672730040969
3.8799999999997041,0.50587495696285534
3.8899999999997039,0.53037026492953865
3.8999999999997037,0.52542004357905459
3.9099999999997035,0.49215395549326757
3.9199999999997033,0.43325039281204858
3.9299999999997031,0.35275553987663005
3.9399999999997029,0.25582623342882527
3.9499999999997026,0.14841230072964454
3.9599999999997024,0.036897613055505617
3.9699999999997022,-0.072278506072803089
3.979999999999702,-0.17299678939571606
3.9899999999997018,-0.25980802363843308
3.9999999999997016,-0.32823679106199211
4.0099999999997014,-0.37502117598130463
4.0199999999997011,-0.39827472861145635
4.0299999999997009,-0.39756190197053065
4.0399999999997007,-0.37388364290555115
4.0499999999997005,-0.329575477196348
4.0599999999997003,-0.26812591682321624
4.0699999999997001,-0.19392797858084862
4.0799999999996999,-0.11198071291829874
4.0899999999996997,-0.027560629940750925
4.0999999999996994,0.054115421230518081
4.1099999999996992,0.12821412282648895
4.119999999999699,0.19057571322747949
4.1299999999996988,0.23795213061329593
4.1399999999996986,0.2681789802598476
4.1499999999996984,0.28027169197911767
4.1599999999996982,0.27444149345840124
4.1699999999996979,0.2520323160597116
4.1799999999996977,0.21538508935709366
4.1899999999996975,0.16764069723682282
4.1999999999996973,0.11249682703243136
4.2099999999996971,0.053936770966135444
4.2199999999996969,-0.0040502548320534727
4.2299999999996967,-0.057737618817750545
4.2399999999996965,-0.10390027263073719
4.2499999999996962,-0.14000851433672798
4.259999999999696,-0.16436448918064803
4.2699999999996958,-0.17617389745800113
4.2799999999996956,-0.17555032806889087
4.2899999999996954,-0.16345465948076524
4.2999999999996952,-0.14157668642711815
4.309999999999695,-0.11217018672183522
4.3199999999996948,-0.077855738495440432
4.3299999999996945,-0.041407512305294061
4.3399999999996943,-0.0055408686391087546
4.3499999999996941,0.027283131759324741
4.3599999999996939,0.055022164044976916
4.3699999999996937,0.076174906803491316
4.3799999999996935,0.089853841819297911
4.3899999999996933,0.095805563635415744
4.399999999999693,0.094379950894411133
4.4099999999996928,0.086453657962581837
4.4199999999996926,0.073316886632782796
4.4299999999996924,0.056535013518209352
4.4399999999996922,0.037798179688005917
4.449999999999692,0.018772293415329912
4.4599999999996918,0.00096405876291313214
4.4699999999996916,-0.01438926900657567
4.4799999999996913,-0.026397482527048165
4.4899999999996911,-0.034557832155877592
4.4999999999996909,-0.038757343259236729
4.5099999999996907,-0.039239698520831208
4.5199999999996905,-0.036542492825030082
4.5299999999996903,-0.031413121496632182
4.5399999999996901,-0.024713105503270993
4.5499999999996898,-0.017321168366412964
4.5599999999996896,-0.010044841323062152
4.5699999999996894,-0.0035488728186052151
4.5799999999996892,0.0016935617215352338
4.589999999999689,0.0054236544779566161
4.5999999999996888,0.007593580762554627
4.6099999999996886,0.0083396484976285441
4.6199999999996884,0.0079371651693595675
4.6299999999996881,0.006743989300231055
4.6399999999996879,0.0051406464462149413
4.6499999999996877,0.0034748462765326854
4.6599999999996875,0.002017259390477383
4.6699999999996873,0.00093362844832056561
4.6799999999996871,0.00027591937088019197
4.6899999999996869,-7.4444315630412493e-06
4.6999999999996867,-4.4850646052083405e-05
4.7099999999996864,-3.1222196123634194e-06
4.7199999999996862,-4.3965400469928551e-05
4.729999999999686,-0.00028245828927119448
4.7399999999996858,-0.00075456341273235858
4.7499999999996856,-0.0013994378521724963
4.7599999999996854,-0.0020602550208894512
4.7699999999996852,-0.0025045831798673683
4.7799999999996849,-0.0024624154129653602
4.7899999999996847,-0.0016770945999631946
4.7999999999996845,3.7986372384994306e-05
4.8099999999996843,0.0027455552094902821
4.8199999999996841,0.0063425732284331333
4.8299999999996839,0.01053854733756031
4.8399999999996837,0.014860251635552995
4.8499999999996835,0.018685961645180483
4.8599999999996832,0.021308453836745685
4.869999999999683,0.022021870868324984
4.8799999999996828,0.020223616294995878
4.8899999999996826,0.015519257224040772
4.8999999999996824,0.0078164686808878288
4.9099999999996822,-0.0026062730394630115
4.919999999999682,-0.015069039599813167
4.9299999999996817,-0.028507305124265768
4.9399999999996815,-0.041540840712647645
4.9499999999996813,-0.052593107151992821
4.9599999999996811,-0.060053016984038837
4.9699999999996809,-0.06246460511936195
4.9799999999996807,-0.058724882096635511
4.9899999999996805,-0.048266709650705196
4.9999999999996803,-0.03120255281998011
5.00999999999968,-0.0084068101782654725
5.0199999999996798,0.018480816278104575
5.0299999999996796,0.047141041298136913
5.0399999999996794,0.074750488346258193
5.0499999999996792,0.098237064504869451
5.059999999999679,0.1145947803733363
5.0699999999996788,0.12122830728850954
5.0799999999996786,0.11629080651091518
5.0899999999996783,0.098975378061261429
5.0999999999996781,0.069721602529578361
5.1099999999996779,0.030304393612963883
5.1199999999996777,-0.016217465802748073
5.1299999999996775,-0.065701913404310336
5.1399999999996773,-0.11326590344429671
5.1499999999996771,-0.15374500531664972
5.1599999999996768,-0.18223006653245896
5.1699999999996766,-0.1946279694734232
5.1799999999996764,-0.18818565666118353
5.1899999999996762,-0.1619149960879688
5.199999999999676,-0.11686147914209985
5.2099999999996758,-0.056172214116341393
5.2199999999996756,0.015062595989394412
5.2299999999996754,0.090197117467664845
5.2399999999996751,0.16162295658272316
5.2499999999996749,0.22151913027224729
5.2599999999996747,0.26268821553986005
5.2699999999996745,0.27939213718610167
5.2799999999996743,0.26809379633929192
5.2899999999996741,0.22801362135887063
5.2999999999996739,0.1614236669586466
5.3099999999996736,0.073625427393538001
5.3199999999996734,-0.027410826932818419
5.3299999999996732,-0.13173063001320257
5.339999999999673,-0.22835124471787133
5.3499999999996728,-0.30640138798529887
5.3599999999996726,-0.35632959077543547
5.3699999999996724,-0.37104954318812711
5.3799999999996722,-0.34688822112931844
5.3899999999996719,-0.28421534466631071
5.3999999999996717,-0.18766046843458259
5.4099999999996715,-0.065864651899374349
5.4199999999996713,0.069236578410076799
5.4299999999996711,0.203548526558162
5.4399999999996709,0.32226873398822692
5.4499999999996707,0.4115088923196793
5.4599999999996705,0.45991216088417841
5.4699999999996702,0.46007971468599401
5.47999999999967,0.40963031069729694
5.4899999999996698,0.31174795519032633
5.4999999999996696,0.17512315896292852
5.5099999999996694,0.013258118367259954
5.5199999999996692,-0.15682126098602422
5.529999999999669,-0.31633138872427224
5.5399999999996687,-0.44679677834666576
5.5499999999996685,-0.53219129745477856
5.5599999999996683,-0.56090834140552781
5.5699999999996681,-0.52731914225961884
5.5799999999996679,-0.4327132600868287
5.5899999999996677,-0.28547687217937495
5.5999999999996675,-0.10044702583439609
5.6099999999996673,0.1025251257596638
5.619999999999667,0.30067266360173089
5.6299999999996668,0.47085700124506996
5.6399999999996666,0.59227670743036043
5.6499999999996664,0.6490251778852707
5.6599999999996662,0.63218286619761654
5.669999999999666,0.54116972787913098
5.6799999999996658,0.38415914773051618
5.6899999999996655,0.17745864282357673
5.6999999999996653,-0.056116162292465299
5.7099999999996651,-0.2897234301178892
5.7199999999996649,-0.49556973811331068
5.7299999999996647,-0.64822872348738414
5.7399999999996645,-0.72780825777205793
5.7499999999996643,-0.72257063186263393
5.7599999999996641,-0.63065943244871026
5.7699999999996638,-0.4606816461849691
5.7799999999996636,-0.23102448970919551
5.7899999999996634,0.032061117787348596
5.7999999999996632,0.29742281900073414
5.809999999999663,0.53268777813084511
5.8199999999996628,0.70823068497013697
5.8299999999996626,0.80094240690953888
5.8399999999996624,0.79731744600276622
5.8499999999996621,0.69544450552181325
5.8599999999996619,0.50560667690989836
5.8699999999996617,0.24936295805685621
5.8799999999996615,-0.042828289422568243
5.8899999999996613,-0.33519407993348582
5.8999999999996611,-0.59102479422840204
5.9099999999996609,-0.77731213594313675
5.9199999999996606,-0.86905971267605564
5.9299999999996604,-0.85269905386430023
5.9399999999996602,-0.728138869675793
5.94999999999966,-0.50913595936846712
5.9599999999996598,-0.22188405404962624
5.9699999999996596,0.098053429032534792
5.9799999999996594,0.41011875171906526
5.9899999999996592,0.67391089440258556
5.9999999999996589,0.85445898511613705
6.0099999999996569,0.92692636517112148
6.0199999999996585,0.88010591005838579
6.0299999999996601,0.71820701848444513
6.0399999999996581,0.46064651241214183
6.0499999999996561,0.13981375310024349
6.0599999999996577,-0.20294859393946291
6.0699999999996592,-0.52265883476363462
6.0799999999996572,-0.77662624661497803
6.0899999999996552,-0.93021343345883223
6.0999999999996568,-0.96164696639702318
6.1099999999996584,-0.86519871765203715
6.1199999999996564,-0.65226313233324029
6.1299999999996544,-0.35013027671662406
6.139999999999656,0.0014346502439461057
6.1499999999996575,0.35538944897272573
6.1599999999996555,0.66371790426177457
6.1699999999996535,0.88399371489746825
6.1799999999996551,0.98530290573391865
6.1899999999996567,0.9526881609299791
6.1999999999996547,0.78946360740921617
6.2099999999996527,0.51703052632627733
6.2199999999996542,0.17216641711865258
6.2299999999996558,-0.19788488159414888
6.2399999999996538,-0.54187584203851258
6.2499999999996518,-0.8116893842293833
6.2599999999996534,-0.96914756647004685
6.269999999999655,-0.99152178638836508
6.279999999999653,-0.87493545240740977
6.289999999999651,-0.63513450609046407
6.2999999999996525,-0.30546822255455286
6.3099999999996541,0.067678592955663919
6.3199999999996521,0.43138770592135439
6.3299999999996501,0.73373697930639914
6.3399999999996517,0.93128342128902475
6.3499999999996533,0.995412080331746
6.3599999999996513,0.91660851235102092
6.3699999999996493,0.70599961928818877
6.3799999999996508,0.39389740458008388
6.3899999999996524,0.025517258447066794
6.3999999999996504,-0.34553712521149926
6.4099999999996484,-0.66508929534276362
6.41999999999965,-0.88636481952768909
6.4299999999996515,-0.97694240047022574
6.4399999999996496,-0.92363337172689097
6.4499999999996476,-0.73453654874289909
6.4599999999996491,-0.43792910432244858
6.4699999999996507,-0.078126277203544717
6.4799999999996487,0.29109732965725343
6.4899999999996467,0.61455474178194336
6.4999999999996483,0.84395630620220563
6.5099999999996498,0.94522169665494249
6.5199999999996479,0.90367146318614322
6.5299999999996459,0.7262876180062765
6.5399999999996474,0.44067440466353919
6.549999999999649,0.090855154304988375
6.559999999999647,-0.26946846451863743
6.569999999999645,-0.58516916069765512
6.5799999999996466,-0.80818867122800842
6.5899999999996481,-0.90495556728673432
6.5999999999996461,-0.86156487825424177
6.6099999999996442,-0.68589995965423156
6.6199999999996457,-0.40635162598142333
6.6299999999996473,-0.067323517061651586
6.6399999999996453,0.27777817283855777
6.6499999999996433,0.57496960264218588
6.6599999999996449,0.77819694706019504
6.6699999999996464,0.85657505243311793
6.6799999999996444,0.79920198328185577
6.6899999999996425,0.616778145464984
6.699999999999644,0.33976943244219032
6.7099999999996456,0.013409985213094968
6.7199999999996436,-0.30964832525273189
6.7299999999996416,-0.57784948255724711
6.7399999999996432,-0.74902877460772932
6.7499999999996447,-0.79714282632529587
6.7599999999996427,-0.71634181557548648
6.7699999999996407,-0.52172678586806509
6.7799999999996423,-0.2466798700511276
6.7899999999996439,0.062779983105383921
6.7999999999996419,0.35567232511326125
6.8099999999996399,0.58448334986544137
6.8199999999996415,0.71294660595803849
6.829999999999643,0.72188795391777649
6.839999999999641,0.61217426685906073
6.849999999999639,0.40429439422751978
6.8599999999996406,0.13466879399639353
6.8699999999996422,-0.15066516109685008
6.8799999999996402,-0.40390550583065044
6.8899999999996382,-0.58353516556605245
6.8999999999996398,-0.66120365568589456
6.9099999999996413,-0.62628492298368443
6.9199999999996393,-0.48736128498792669
6.9299999999996373,-0.27041626627277499
6.9399999999996389,-0.014086367709821019
6.9499999999996405,0.23717501084812634
6.9599999999996385,0.44081640481910261
6.9699999999996365,0.56344496487791262
6.979999999999638,0.58637175068545289
6.9899999999996396,0.50850956136783654
6.9999999999996376,0.34616150360794845
7.0099999999996356,0.12978920890391279
7.0199999999996372,-0.10162118526171596
7.0299999999996388,-0.30756316889725427
7.0399999999996368,-0.45312583957769526
7.0499999999996348,-0.51496380405193987
7.0599999999996363,-0.48508763709672759
7.0699999999996379,-0.3718476863460552
7.0799999999996359,-0.19799666339595348
7.0899999999996339,0.0037581506015487648
7.0999999999996355,0.19685937170966308
7.1099999999996371,0.34752585156667781
7.1199999999996351,0.43069571047930605
7.1299999999996331,0.43423098447507169
7.1399999999996346,0.36066849543921481
7.1499999999996362,0.22626539028648862
7.1599999999996342,0.057588239509504528
7.1699999999996322,-0.11366146977111409
7.1799999999996338,-0.25658639061131699
7.1899999999996353,-0.34668363473964142
7.1999999999996334,-0.37006826044354829
7.2099999999996314,-0.32559427759367943
7.2199999999996329,-0.22455014334536808
7.2299999999996345,-0.08806794254154067
7.2399999999996325,0.05719115458317274
7.2499999999996305,0.18420721745797017
7.2599999999996321,0.27062744768537017
7.2699999999996336,0.30270889357248337
7.2799999999996317,0.27747744498123933
7.2899999999996297,0.2027668462416376
7.2999999999996312,0.095218047495009187
7.3099999999996328,-0.023293913193862464
7.3199999999996308,-0.13005517688572973
7.3299999999996288,-0.20585248932654415
7.3399999999996304,-0.23842633258727627
7.3499999999996319,-0.22441475200101899
7.3599999999996299,-0.1694858064943196
7.369999999999628,-0.086723586199505209
7.3799999999996295,0.0063285325195169004
7.3899999999996311,0.091319476870187405
7.3999999999996291,0.15268415294473167
7.4099999999996271,0.18047625801772477
7.4199999999996287,0.17192517493743431
7.4299999999996302,0.13148392761656252
7.4399999999996282,0.069449977949690558
7.4499999999996263,-0.00047734828996891015
7.4599999999996278,-0.064145861402640239
7.4699999999996294,-0.10977996108633224
7.4799999999996274,-0.13012763866056695
7.4899999999996254,-0.12353736855348216
7.499999999999627,-0.093822196588754861
7.5099999999996285,-0.049027970930130116
7.5199999999996265,0.00055842300026706757
7.5299999999996245,0.044690655271757342
7.5399999999996261,0.075237987889010802
7.5499999999996277,0.087638225791979982
7.5599999999996257,0.08147687302375678
7.5699999999996237,0.06014680525837552
7.5799999999996253,0.029743389479656157
7.5899999999996268,-0.0024983441511070435
7.5999999999996248,-0.029845149219449921
7.6099999999996228,-0.04742300820687638
7.6199999999996244,-0.053023789028491343
7.629999999999626,-0.047241732672748497
7.639999999999624,-0.032981906832886376
7.649999999999622,-0.014520264369205421
7.6599999999996236,0.0036214100237825608
7.6699999999996251,0.0177076669879539
7.6799999999996231,0.025502539461238431
7.6899999999996211,0.026537882755159219
7.6999999999996227,0.021931512845201014
7.7099999999996243,0.013859033632387751
7.7199999999996223,0.0048554434860282507
7.7299999999996203,-0.0028569282994904159
7.7399999999996218,-0.0078492510203289883
7.7499999999996234,-0.0096815703439778744
7.7599999999996214,-0.0088060189423922255
7.7699999999996194,-0.00625053013802931
7.779999999999621,-0.0032061882023827811
7.7899999999996226,-0.00065160171133402762
7.7999999999996206,0.00088149889077326828
7.8099999999996186,0.0013539255732768903
7.8199999999996201,0.0010935217733574062
7.8299999999996217,0.00056909586770551837
7.8399999999996197,0.00015981182759967606
7.8499999999996177,7.4115134275539847e-06
7.8599999999996193,5.4931624222679087e-07
7.8699999999996209,-0.00011315045851675833
7.8799999999996189,-0.00054222816056971699
7.8899999999996169,-0.0012784043652046659
7.8999999999996184,-0.0020183759530408587
7.90999999999962,-0.0022295751220999973
7.919999999999618,-0.0013539742699481686
7.929999999999616,0.00091400198085542391
7.9399999999996176,0.0043796312426769551
7.9499999999996191,0.0082404874644791733
7.9599999999996172,0.011195940567892046
7.9699999999996152,0.011782991490131083
7.9799999999996167,0.0088666603342223461
7.9899999999996183,0.0021436902718933296
7.9999999999996163,-0.0075141372576680489
8.0099999999996143,-0.018029952201776278
8.0199999999996159,-0.026482638923583744
8.0299999999996174,-0.029822769071807632
8.0399999999996155,-0.025786807777246065
8.0499999999996135,-0.013761378950922375
8.059999999999615,0.0046793191770101786
8.0699999999996166,0.025787568039642626
8.0799999999996146,0.044302994488035742
8.0899999999996126,0.054677233302812205
8.0999999999996142,0.052598417760190488
8.1099999999996157,0.036421520074462199
8.1199999999996137,0.008077104509322355
8.1299999999996118,-0.026882628968420454
8.1399999999996133,-0.060244310603306969
8.1499999999996149,-0.082978019000849348
8.1599999999996129,-0.087576154115502083
8.1699999999996109,-0.070304091071604694
8.1799999999996125,-0.032726908021274495
8.189999999999614,0.018004830904941826
8.199999999999612,0.070348896916462095
8.2099999999996101,0.11090426007421197
8.2199999999996116,0.12775643502101808
8.2299999999996132,0.11382281301877742
8.2399999999996112,0.069290602593833461
8.2499999999996092,0.002384067087084463
8.2599999999996108,-0.071932529536900214
8.2699999999996123,-0.13519182413065903
8.2799999999996103,-0.16993598719805736
8.2899999999996083,-0.16442563475477329
8.2999999999996099,-0.11630135723350105
8.3099999999996115,-0.034111678866658279
8.3199999999996095,0.063910406345381088
8.3299999999996075,0.15375827224290073
8.3399999999996091,0.21145571123759499
8.3499999999996106,0.21937616750176261
8.3599999999996086,0.17143426589545077
8.3699999999996066,0.075662455249575128
8.3799999999996082,-0.046742329488284474
8.3899999999996098,-0.1659470243701687
8.3999999999996078,-0.25067322614341231
8.4099999999996058,-0.27634544243567916
8.4199999999996074,-0.23209421943872133
8.4299999999996089,-0.12464998237682441
8.4399999999996069,0.022155454549619334
8.4499999999996049,0.17248000007713715
8.4599999999996065,0.28713330356684336
8.4699999999996081,0.33374829173147458
8.4799999999996061,0.29584078817061554
8.4899999999996041,0.17824471231971203
8.4999999999996056,0.0072091477643730093
8.5099999999996072,-0.17523424562232442
8.5199999999996052,-0.32150185057935982
8.5299999999996032,-0.39083246389417597
8.5399999999996048,-0.36060482528644744
8.5499999999996064,-0.23347244494175604
8.5599999999996044,-0.038122158374362732
8.5699999999996024,0.176944154480591
8.5799999999996039,0.35534393246860346
8.5899999999996055,0.44756724772393508
8.5999999999996035,0.42470506522538332
8.6099999999996015,0.28735625771864032
8.6199999999996031,0.067010046747639426
8.6299999999996047,-0.18089711229482472
8.6399999999996027,-0.39081429207346452
8.6499999999996007,-0.50438901301013428
8.6599999999996022,-0.48670274879698366
8.6699999999996038,-0.33691632173277231
8.6799999999996018,-0.090108170782791569
8.6899999999995998,0.19065230722895957
8.6999999999996014,0.43030464071940627
8.7099999999996029,0.56185492664821046
8.719999999999601,0.54514422987778699
8.729999999999599,0.3790681467404301
8.7399999999996005,0.10354712901455457
8.7499999999996021,-0.20977957414146761
8.7599999999996001,-0.47606707165991324
8.7699999999995981,-0.62024406388604114
8.7799999999995997,-0.59824385765007981
8.7899999999996012,-0.41047440921572875
8.7999999999995993,-0.10341850376339758
8.8099999999995973,0.24159213657600012
8.8199999999995988,0.52981475330842798
8.8299999999996004,0.67913564339607491
8.8399999999995984,0.64355964901172846
8.8499999999995964,0.42741356285884047
8.859999999999598,0.085878081669340231
8.8699999999995995,-0.28883577796504051
8.8799999999995975,-0.59229390708597707
8.8899999999995956,-0.7369926127228722
8.8999999999995971,-0.67771743268872486
8.9099999999995987,-0.42573338270957878
8.9199999999995967,-0.04734784831915579
8.9299999999995947,0.35329814980059865
8.9399999999995963,0.66282718244276617
8.9499999999995978,0.79078786144305779
8.9599999999995958,0.6962471971926798
8.9699999999995939,0.40096019689367274
8.9799999999995954,-0.015127899553165933
8.989999999999597,-0.43531664230474648
8.999999999999595,-0.73884869619120142
9.009999999999593,-0.83572972218627239
9.0199999999995946,-0.69360676908818797
9.0299999999995961,-0.3486322926492203
9.0399999999995941,0.10333466867768992
9.0499999999995921,0.53319291029029625
9.0599999999995937,0.81548443209188992
9.0699999999995953,0.86516982965636036
9.0799999999995933,0.66347744142152032
9.0899999999995913,0.2649131465315932
9.0999999999995929,-0.21714406224326777
9.1099999999995944,-0.64256764432596825
9.1199999999995924,-0.88527506955526747
9.1299999999995904,-0.87080276219713282
9.139999999999592,-0.59941480305443084
9.1499999999995936,-0.14750870764436291
9.1599999999995916,0.35362390019776935
9.1699999999995896,0.7558688927986581
9.1799999999995912,0.93818407591213271
9.1899999999995927,0.8432816146622949
9.1999999999995907,0.49591375838316498
9.2099999999995887,-0.0031453767385538041
9.2199999999995903,-0.50612692174877238
9.2299999999995919,-0.862014272638294
9.2399999999995899,-0.96206852236010998
9.2499999999995879,-0.77336071112982618
9.2599999999995894,-0.34988650768977136
9.269999999999591,0.1825510729953197
9.279999999999589,0.66357385110236455
9.289999999999587,0.94660657948849969
9.2999999999995886,0.94379323298264262
9.3099999999995902,0.65361744872658489
9.3199999999995882,0.16244617460430674
9.3299999999995862,-0.38091335746595589
9.3399999999995877,-0.81023683314010708
9.3499999999995893,-0.99288827584657924
9.3599999999995873,-0.87111503453659611
9.3699999999995853,-0.48068351549324118
9.3799999999995869,0.059263158120330124
9.3899999999995885,0.58237697277612233
9.3999999999995865,0.92638738931379416
9.4099999999995845,0.983678789520958
9.419999999999586,0.73532816866018058
9.4299999999995876,0.25772631466675922
9.4399999999995856,-0.30062833407182327
9.4499999999995836,-0.76521011371688885
9.4599999999995852,-0.99015372444662764
9.4699999999995867,-0.90437302193775748
9.4799999999995848,-0.53443142482436856
9.4899999999995828,0.0033176320468574828
9.4999999999995843,0.53911995621911712
9.5099999999995859,0.90342648506927148
9.5199999999995839,0.98078372590024221
9.5299999999995819,0.74680574279202139
9.5399999999995835,0.27626761298498026
9.549999999999585,-0.28049085614328556
9.5599999999995831,-0.74550214614104326
9.5699999999995811,-0.97019538559966068
9.5799999999995826,-0.8831925383385989
9.5899999999995842,-0.51339464309743688
9.5999999999995822,0.01924208961696949
9.6099999999995802,0.54241506679668772
9.6199999999995818,0.88724256551856628
9.6299999999995833,0.94302933575694736
9.6399999999995813,0.69318835650507993
9.6499999999995794,0.2205337791324867
9.6599999999995809,-0.31987493799582783
9.6699999999995825,-0.75152541399588091
9.6799999999995805,-0.93426577178754389
9.6899999999995785,-0.81014829797935695
9.6999999999995801,-0.42219349350097252
9.7099999999995816,0.10013636851817539
9.7199999999995796,0.58396515226774015
9.7299999999995777,0.87028464481883505
9.7399999999995792,0.86648457465731088
9.7499999999995808,0.57668202441368288
9.7599999999995788,0.099786396064213606
9.7699999999995768,-0.40399475908649179
9.7799999999995784,-0.76694738683250241
9.7899999999995799,-0.86988265605656612
9.7999999999995779,-0.68161699047936586
9.8099999999995759,-0.26870187047156191
9.8199999999995775,0.22774724837239127
9.8299999999995791,0.64016191063341477
9.8399999999995771,0.83120057585990159
9.8499999999995751,0.7397779240058161
9.8599999999995767,0.40091020778481523
9.8699999999995782,-0.0671903575569366
9.8799999999995762,-0.50415553776389144
9.8899999999995742,-0.76244507156693198
9.8999999999995758,-0.75739978706532418
9.9099999999995774,-0.49529354804647208
9.9199999999995754,-0.069973092784420862
9.9299999999995734,0.37046549971616588
9.939999999999575,0.67521336029655687
9.9499999999995765,0.7425645264527384
9.9599999999995745,0.55413639254875002
9.9699999999995725,0.17987328165029351
9.9799999999995741,-0.24754817533142287
9.9899999999995757,-0.57965426708612955
